city,neighbourhood,listings,price_mean,price_median,reviews_mean
london,Barking and Dagenham,372,60.52956989247312,45.0,0.7424731182795699
london,Barnet,1659,87.68595539481615,55.0,0.6963592525617842
london,Bexley,269,62.70631970260223,41.0,0.4404832713754646
london,Brent,2561,93.08902772354548,60.0,0.9376454509957048
london,Bromley,679,64.26067746686303,50.0,0.7057731958762886
london,Camden,5971,144.42890638084074,100.0,1.1675531736727516
london,City of London,465,190.7741935483871,150.0,0.8315913978494623
london,Croydon,1105,63.48868778280543,45.0,0.8058733031674208
london,Ealing,1746,79.77777777777777,55.0,0.8245418098510883
london,Enfield,673,65.4665676077266,50.0,0.617369985141159
london,Greenwich,1653,86.63339382940109,65.0,0.8875196612220205
london,Hackney,6275,95.76541832669322,75.0,0.7037721115537848
london,Hammersmith and Fulham,4210,131.62874109263657,95.0,0.9381140142517816
london,Haringey,2197,89.8179335457442,55.0,0.7981383705052344
london,Harrow,491,87.57230142566192,50.0,0.7259470468431772
london,Havering,255,73.57254901960785,45.0,0.8185098039215686
london,Hillingdon,668,63.971556886227546,49.0,1.2277844311377244
london,Hounslow,1030,99.10485436893204,62.5,0.9749223300970872
london,Islington,5108,112.62607674236492,90.0,0.8850998433829288
london,Kensington and Chelsea,6018,217.26802924559652,150.0,0.8631156530408773
london,Kingston upon Thames,555,78.17837837837838,55.0,0.8435495495495495
london,Lambeth,4853,92.89037708633836,70.0,1.014292190397692
london,Lewisham,2296,69.39329268292683,50.0,0.7266724738675958
london,Merton,1357,108.5047899778924,69.0,0.6095578481945467
london,Newham,1958,82.96680286006129,59.0,0.9275536261491318
london,Redbridge,700,64.23142857142857,45.0,0.7739142857142858
london,Richmond upon Thames,1200,125.77333333333333,90.0,0.8179583333333333
london,Southwark,4891,109.28399100388468,80.0,1.0308055612349214
london,Sutton,306,85.37254901960785,45.0,0.7396078431372549
london,Tower Hamlets,8240,91.69623786407767,72.0,1.0243167475728157
london,Waltham Forest,1431,70.87561146051712,52.0,0.7623899371069183
london,Wandsworth,4272,117.20950374531836,85.0,0.770437734082397
london,Westminster,9586,216.2534946797413,140.0,1.110543500938869
madrid,Abrantes,47,57.38297872340426,30.0,0.2959574468085106
madrid,Acacias,170,156.1764705882353,45.0,0.7381764705882352
madrid,Adelfas,92,55.391304347826086,47.0,0.5415217391304348
madrid,Aeropuerto,11,40.72727272727273,33.0,0.6163636363636363
madrid,Aguilas,53,66.15094339622641,40.0,0.3262264150943396
madrid,Alameda de Osuna,50,205.8,55.5,1.5116
madrid,Almagro,172,140.8081395348837,88.5,0.44
madrid,Almenara,87,101.52873563218392,55.0,0.8083908045977012
madrid,Almendrales,56,79.30357142857143,37.5,0.5339285714285714
madrid,Aluche,91,41.61538461538461,25.0,0.3124175824175824
madrid,Ambroz,23,141.95652173913044,34.0,0.4052173913043478
madrid,Amposta,16,209.875,35.0,0.226875
madrid,Apostol Santiago,21,95.95238095238096,36.0,0.3942857142857143
madrid,Arapiles,221,109.289592760181,40.0,0.4905429864253393
madrid,Aravaca,39,70.2051282051282,41.0,0.5482051282051282
madrid,Arcos,59,372.64406779661016,66.0,0.3069491525423728
madrid,Argüelles,281,102.98932384341636,65.0,0.5116014234875444
madrid,Atalaya,1,39.0,39.0,0.0
madrid,Atocha,28,80.21428571428571,70.0,2.054642857142857
madrid,Bellas Vistas,155,86.76774193548387,52.0,0.630774193548387
madrid,Berruguete,110,160.73636363636365,50.0,0.6776363636363636
madrid,Buenavista,70,96.3,40.0,0.2075714285714286
madrid,Butarque,17,35.94117647058823,28.0,0.5870588235294117
madrid,Campamento,25,95.88,25.0,0.3868
madrid,Canillas,93,68.51612903225806,39.0,0.8118279569892473
madrid,Canillejas,77,495.1818181818182,200.0,0.3081818181818181
madrid,Casa de Campo,93,169.38709677419354,52.0,0.4984946236559139
madrid,Casco Histórico de Barajas,38,70.8157894736842,48.0,2.540263157894737
madrid,Casco Histórico de Vallecas,89,75.23595505617978,39.0,0.5332584269662921
madrid,Casco Histórico de Vicálvaro,49,137.46938775510205,41.0,0.3208163265306122
madrid,Castellana,198,145.57575757575756,98.0,0.4339393939393939
madrid,Castilla,60,68.58333333333333,50.0,0.7373333333333334
madrid,Castillejos,137,170.3065693430657,60.0,0.5128467153284672
madrid,Chopera,152,71.24342105263158,41.5,0.8011842105263158
madrid,Ciudad Jardín,93,144.4731182795699,57.0,0.4053763440860215
madrid,Ciudad Universitaria,79,140.1012658227848,55.0,0.1722784810126582
madrid,Colina,15,94.4,50.0,0.4353333333333333
madrid,Comillas,105,172.16190476190476,39.0,0.6773333333333333
madrid,Concepción,79,88.35443037974683,40.0,0.6115189873417722
madrid,Corralejos,14,100.42857142857144,64.0,1.6764285714285714
madrid,Cortes,880,196.0727272727273,74.0,1.142443181818182
madrid,Costillares,41,104.3170731707317,50.0,0.3473170731707317
madrid,Cuatro Caminos,213,108.07511737089202,58.0,0.4838967136150235
madrid,Cuatro Vientos,16,47.0,38.0,0.41875
madrid,Cármenes,61,121.98360655737704,43.0,0.3062295081967213
madrid,Delicias,221,169.21719457013575,45.0,0.716606334841629
madrid,El Goloso,15,158.66666666666666,66.0,0.3366666666666666
madrid,El Pardo,3,195.0,49.0,0.3066666666666666
madrid,El Plantío,6,99.66666666666669,71.0,0.4166666666666667
madrid,El Viso,101,154.54455445544554,84.0,0.3316831683168317
madrid,Embajadores,2317,139.71514889943893,59.0,1.1553172205438067
madrid,Entrevías,48,56.270833333333336,30.0,0.7072916666666668
madrid,Estrella,20,49.85,34.0,0.3795
madrid,Fontarrón,44,65.13636363636364,25.0,0.3243181818181818
madrid,Fuente del Berro,127,189.40944881889763,55.0,0.4404724409448818
madrid,Fuentelareina,5,86.0,100.0,0.032
madrid,Gaztambide,218,82.44954128440367,44.5,0.4322935779816513
madrid,Goya,296,180.75675675675677,81.5,0.6515202702702703
madrid,Guindalera,253,118.8616600790514,68.0,0.5613833992094862
madrid,Hellín,31,484.6774193548387,300.0,0.2396774193548387
madrid,Hispanoamérica,90,120.61111111111111,72.5,0.5202222222222223
madrid,Horcajo,2,43.0,43.0,0.035
madrid,Ibiza,182,153.86263736263737,66.0,0.7323076923076923
madrid,Imperial,141,140.79432624113474,50.0,0.6653900709219858
madrid,Jerónimos,107,113.92523364485982,82.0,1.0610280373831775
madrid,Justicia,951,108.27549947423763,70.0,1.010483701366982
madrid,La Paz,31,120.4516129032258,49.0,0.2683870967741935
madrid,Legazpi,54,69.29629629629629,50.0,1.084814814814815
madrid,Lista,176,127.73863636363636,63.0,0.4292613636363636
madrid,Los Angeles,33,75.51515151515152,25.0,0.6806060606060607
madrid,Los Rosales,57,50.280701754385966,25.0,0.4296491228070175
madrid,Lucero,89,447.6741573033708,30.0,0.3825842696629213
madrid,Marroquina,24,177.125,50.0,0.3408333333333333
madrid,Media Legua,23,90.65217391304348,49.0,0.3443478260869565
madrid,Mirasierra,40,112.575,64.0,0.257
madrid,Moscardó,85,46.68235294117647,30.0,0.6892941176470588
madrid,Niño Jesús,44,194.8636363636364,87.0,0.5025
madrid,Nueva España,69,102.0,75.0,0.6814492753623189
madrid,Numancia,183,54.60109289617486,35.0,0.6610382513661203
madrid,Opañel,117,64.16239316239316,45.0,0.5767521367521368
madrid,Orcasitas,15,75.4,27.0,0.372
madrid,Orcasur,32,325.8125,25.0,0.46625
madrid,Pacífico,218,127.75688073394495,50.0,0.7070642201834864
madrid,Palacio,1505,101.41196013289036,67.0,1.0385116279069768
madrid,Palomas,26,151.30769230769232,69.0,0.3911538461538461
madrid,Palomeras Bajas,82,159.390243902439,30.5,0.450609756097561
madrid,Palomeras Sureste,45,65.6,26.0,0.2895555555555555
madrid,Palos de Moguer,337,160.14243323442136,50.0,1.1118991097922848
madrid,Pavones,7,49.142857142857146,32.0,0.0671428571428571
madrid,Peñagrande,63,180.06349206349208,50.0,0.3484126984126984
madrid,Pilar,60,101.33333333333331,36.0,0.4453333333333333
madrid,Pinar del Rey,88,93.01136363636364,45.0,0.7172727272727273
madrid,Piovera,31,218.51612903225808,76.0,1.373225806451613
madrid,Portazgo,40,53.875,25.0,0.40175
madrid,Pradolongo,37,96.5945945945946,36.0,0.1651351351351351
madrid,Prosperidad,167,85.8622754491018,58.0,0.3658682634730539
madrid,Pueblo Nuevo,150,106.98666666666666,31.0,0.4943333333333333
madrid,Puerta Bonita,89,87.10112359550561,32.0,0.3313483146067416
madrid,Puerta del Angel,273,94.56776556776556,41.0,0.5957142857142858
madrid,Quintana,113,90.1858407079646,35.0,0.6460176991150443
madrid,Recoletos,272,161.58455882352942,110.5,0.5347794117647059
madrid,Rejas,84,180.9047619047619,59.5,0.6135714285714285
madrid,Rios Rosas,182,109.55494505494504,61.0,0.5110989010989011
madrid,Rosas,80,428.275,275.0,0.194625
madrid,Salvador,26,148.69230769230768,41.0,0.583076923076923
madrid,San Andrés,50,494.42,26.0,0.2448
madrid,San Cristobal,20,59.1,25.0,0.4745
madrid,San Diego,219,79.48858447488584,37.0,0.6826027397260275
madrid,San Fermín,29,49.89655172413793,39.0,0.6282758620689655
madrid,San Isidro,160,74.41875,40.0,0.3929375
madrid,San Juan Bautista,32,172.8125,80.0,0.358125
madrid,San Pascual,41,210.97560975609755,45.0,0.3785365853658536
madrid,Santa Eugenia,9,80.66666666666667,45.0,0.61
madrid,Simancas,124,311.75,80.0,0.4526612903225807
madrid,Sol,1124,128.47597864768684,75.0,1.2376601423487543
madrid,Timón,59,97.94915254237289,40.0,1.1564406779661018
madrid,Trafalgar,371,121.21024258760109,65.0,0.465633423180593
madrid,Universidad,1869,108.40342429106474,61.0,1.0313697164258964
madrid,Valdeacederas,114,99.89473684210526,37.0,0.3993859649122807
madrid,Valdefuentes,105,220.82857142857145,85.0,0.4945714285714285
madrid,Valdemarín,5,72.0,60.0,0.018
madrid,Valdezarza,51,81.50980392156863,45.0,0.508235294117647
madrid,Vallehermoso,88,152.14772727272728,52.5,0.25875
madrid,Valverde,98,82.5,49.5,0.4983673469387755
madrid,Ventas,177,86.25988700564972,35.0,0.6349152542372881
madrid,Vinateros,17,70.17647058823529,35.0,0.5611764705882353
madrid,Vista Alegre,120,47.74166666666667,33.5,0.4741666666666667
madrid,Zofío,26,46.46153846153846,28.5,0.3969230769230769
milan,ADRIANO,51,93.74509803921568,50.0,0.3976470588235294
milan,AFFORI,145,80.4,54.0,0.3691724137931034
milan,BAGGIO,46,50.891304347826086,45.0,0.3489130434782609
milan,BANDE NERE,326,91.83128834355828,60.0,0.3828834355828221
milan,BARONA,45,64.15555555555555,45.0,0.5579999999999999
milan,BICOCCA,47,57.297872340425535,59.0,0.5468085106382978
milan,BOVISA,186,100.58602150537637,54.0,0.6085483870967742
milan,BOVISASCA,10,55.2,50.0,0.262
milan,BRERA,713,255.18513323983169,120.0,0.7029172510518934
milan,BRUZZANO,41,51.707317073170735,36.0,0.4734146341463414
milan,BUENOS AIRES - VENEZIA,1373,111.72469045884924,80.0,0.6838164603058995
milan,CANTALUPA,7,77.85714285714286,39.0,0.1757142857142857
milan,CASCINA TRIULZA - EXPO,1,209.0,209.0,0.0
milan,CENTRALE,689,109.93468795355588,72.0,1.115834542815675
milan,CHIARAVALLE,4,105.75,107.5,0.0325
milan,CITTA' STUDI,461,80.31887201735358,60.0,0.4926030368763557
milan,COMASINA,28,116.25,60.5,0.2875
milan,CORSICA,204,85.43627450980392,62.0,0.3742156862745098
milan,DE ANGELI - MONTE ROSA,305,96.54426229508196,79.0,0.4693442622950819
milan,DERGANO,247,73.4251012145749,55.0,0.4620242914979757
milan,DUOMO,1003,191.32901296111663,120.0,0.92938185443669
milan,EX OM - MORIVIONE,105,94.87619047619047,70.0,0.2248571428571428
milan,FARINI,88,116.42045454545456,70.0,0.4427272727272727
milan,FIGINO,6,56.5,55.0,0.2749999999999999
milan,FORZE ARMATE,55,64.81818181818181,50.0,0.4716363636363637
milan,GALLARATESE,123,77.51219512195122,55.0,0.4021138211382113
milan,GARIBALDI REPUBBLICA,226,137.36725663716814,90.0,0.5973893805309735
milan,GHISOLFA,243,85.32921810699588,65.0,0.377037037037037
milan,GIAMBELLINO,321,106.18380062305296,60.0,0.353208722741433
milan,GIARDINI PORTA VENEZIA,20,241.7,90.5,0.7575000000000001
milan,GRATOSOGLIO - TICINELLO,35,82.57142857142857,45.0,0.5562857142857143
milan,GRECO,131,87.19083969465649,55.0,0.6806106870229007
milan,GUASTALLA,348,179.66379310344828,98.5,0.5468103448275862
milan,ISOLA,644,108.5776397515528,75.0,0.5999844720496894
milan,LAMBRATE,117,97.74358974358974,65.0,0.4585470085470085
milan,LODI - CORVETTO,314,113.88535031847134,59.0,0.4340127388535031
milan,LORENTEGGIO,64,62.875,51.5,0.27234375
milan,LORETO,725,76.37379310344828,60.0,0.6108827586206896
milan,MACIACHINI - MAGGIOLINA,265,90.28301886792453,64.0,0.7169811320754716
milan,MAGENTA - S. VITTORE,415,149.2313253012048,100.0,0.5749397590361446
milan,MAGGIORE - MUSOCCO,66,57.196969696969695,53.0,0.6728787878787879
milan,MECENATE,88,69.2840909090909,55.0,0.5235227272727273
milan,MUGGIANO,2,60.0,60.0,0.195
milan,NAVIGLI,875,124.12457142857144,80.0,0.6312457142857143
milan,NIGUARDA - CA' GRANDA,133,62.142857142857146,50.0,0.4364661654135338
milan,ORTOMERCATO,43,137.4418604651163,58.0,0.3290697674418604
milan,PADOVA,327,72.6697247706422,54.0,0.4607645259938837
milan,PAGANO,199,133.9246231155779,91.0,0.4412060301507537
milan,PARCO AGRICOLO SUD,8,286.0,105.0,0.1275
milan,PARCO BOSCO IN CITT,4,57.0,47.0,0.375
milan,PARCO DEI NAVIGLI,9,73.33333333333333,70.0,0.0844444444444444
milan,PARCO DELLE ABBAZIE,11,58.09090909090909,54.0,0.2909090909090909
milan,PARCO FORLANINI - ORTICA,43,80.62790697674419,50.0,0.342093023255814
milan,PARCO LAMBRO - CIMIANO,160,67.3375,58.0,0.340375
milan,PARCO MONLUE' - PONTE LAMBRO,21,63.38095238095238,51.0,0.5647619047619047
milan,PARCO NORD,3,78.33333333333333,50.0,0.09
milan,PARCO SEMPIONE,24,128.125,92.5,0.9408333333333334
milan,PORTA ROMANA,381,97.66404199475066,77.0,0.5861417322834646
milan,PORTELLO,94,203.11702127659572,80.0,0.4937234042553191
milan,QT 8,38,90.44736842105264,65.5,0.5847368421052631
milan,QUARTO CAGNINO,26,85.73076923076923,52.5,0.2219230769230769
milan,QUARTO OGGIARO,66,59.57575757575758,50.0,0.4734848484848485
milan,QUINTO ROMANO,15,66.86666666666666,50.0,0.21
milan,QUINTOSOLE,1,41.0,41.0,0.7
milan,RIPAMONTI,103,71.7864077669903,60.0,0.5305825242718446
milan,ROGOREDO,35,76.25714285714285,73.0,0.3054285714285714
milan,RONCHETTO SUL NAVIGLIO,96,73.90625,55.0,0.2870833333333333
milan,S. CRISTOFORO,271,101.39114391143912,69.0,0.4058671586715867
milan,S. SIRO,94,110.54255319148936,70.0,0.4804255319148935
milan,SACCO,6,213.33333333333331,115.0,0.215
milan,SARPI,806,116.49751861042184,80.0,0.599181141439206
milan,SCALO ROMANA,137,99.03649635036496,60.0,0.3171532846715328
milan,SELINUNTE,147,84.68707482993197,69.0,0.6637414965986395
milan,STADERA,275,67.2,50.0,0.4305818181818182
milan,STEPHENSON,5,127.8,138.0,0.0
milan,TIBALDI,273,88.71794871794872,66.0,0.4569597069597069
milan,TICINESE,749,119.7716955941255,80.0,0.6779839786381843
milan,TORTONA,460,123.1304347826087,80.0,0.3543478260869565
milan,TRE TORRI,24,468.1666666666667,125.0,0.3004166666666666
milan,TRENNO,13,62.61538461538461,59.0,0.2146153846153846
milan,TRIULZO SUPERIORE,13,54.30769230769231,40.0,0.3492307692307692
milan,UMBRIA - MOLISE,247,84.38866396761134,65.0,0.4983400809716599
milan,VIALE MONZA,216,73.15277777777777,57.0,0.5482407407407407
milan,VIGENTINA,267,111.52059925093631,75.0,0.5738951310861423
milan,VILLAPIZZONE,325,83.45846153846153,55.0,0.5150461538461538
milan,WASHINGTON,362,104.4779005524862,80.0,0.5253314917127071
milan,XXII MARZO,584,132.21917808219175,80.0,0.4748801369863013
ny,Allerton,42,87.5952380952381,66.5,1.6157142857142857
ny,Arden Heights,4,67.25,72.5,1.04
ny,Arrochar,21,115.0,65.0,1.060952380952381
ny,Arverne,77,171.7792207792208,125.0,1.5154545454545454
ny,Astoria,900,117.18777777777778,85.0,1.001411111111111
ny,Bath Beach,17,81.76470588235294,69.0,1.4217647058823528
ny,Battery Park City,70,367.5571428571429,195.0,0.3474285714285714
ny,Bay Ridge,141,144.4326241134752,85.0,1.280354609929078
ny,Bay Terrace,6,142.0,141.5,0.9366666666666666
ny,"Bay Terrace, Staten Island",2,102.5,102.5,0.4549999999999999
ny,Baychester,7,75.42857142857143,75.0,1.8914285714285717
ny,Bayside,39,157.94871794871796,65.0,1.8320512820512824
ny,Bayswater,17,87.47058823529412,70.0,1.272352941176471
ny,Bedford-Stuyvesant,3710,107.79433962264152,80.0,1.310369272237197
ny,Belle Harbor,8,171.5,155.0,1.0275
ny,Bellerose,14,99.35714285714286,85.0,0.4728571428571428
ny,Belmont,24,77.125,52.5,1.5733333333333333
ny,Bensonhurst,75,75.78666666666666,75.0,1.2878666666666667
ny,Bergen Beach,10,106.7,96.0,1.4940000000000002
ny,Boerum Hill,177,176.135593220339,150.0,0.8358757062146892
ny,Borough Park,136,63.06617647058823,53.5,1.0553676470588236
ny,Breezy Point,3,213.33333333333331,195.0,0.1466666666666666
ny,Briarwood,56,105.875,71.5,1.3524999999999998
ny,Brighton Beach,75,131.93333333333334,85.0,1.3454666666666666
ny,Bronxdale,19,57.10526315789474,50.0,1.6142105263157895
ny,Brooklyn Heights,154,209.06493506493507,150.0,0.7174675324675325
ny,Brownsville,61,76.45901639344262,62.0,1.500655737704918
ny,Bull's Head,6,47.333333333333336,45.0,1.211666666666667
ny,Bushwick,2462,84.90373679935013,65.0,1.0688180341186029
ny,Cambria Heights,26,81.73076923076923,60.0,1.2661538461538462
ny,Canarsie,147,104.36734693877553,85.0,1.9713605442176871
ny,Carroll Gardens,233,175.91416309012877,150.0,0.9166952789699572
ny,Castle Hill,9,63.0,39.0,0.6166666666666667
ny,Castleton Corners,4,139.75,107.5,0.965
ny,Chelsea,1113,249.73854447439356,199.0,0.933414195867026
ny,Chinatown,368,161.49728260869566,129.0,1.194320652173913
ny,City Island,18,173.0,97.5,1.7077777777777778
ny,Civic Center,52,191.94230769230768,169.0,0.4475
ny,Claremont Village,28,87.46428571428571,68.5,1.0989285714285717
ny,Clason Point,21,112.76190476190476,80.0,1.3738095238095238
ny,Clifton,15,84.93333333333334,75.0,1.7046666666666668
ny,Clinton Hill,572,181.89335664335664,120.0,0.8164335664335665
ny,Co-op City,2,77.5,77.5,0.245
ny,Cobble Hill,99,211.92929292929293,156.0,1.071010101010101
ny,College Point,19,88.0,60.0,1.8778947368421053
ny,Columbia St,42,162.95238095238096,132.5,0.840952380952381
ny,Concord,26,58.19230769230769,34.5,1.396153846153846
ny,Concourse,50,86.18,81.0,1.472
ny,Concourse Village,32,73.78125,65.0,1.05
ny,Coney Island,17,123.70588235294116,100.0,0.9570588235294116
ny,Corona,64,59.171875,40.0,1.84984375
ny,Crown Heights,1564,112.480179028133,85.0,0.9979667519181584
ny,Cypress Hills,135,128.9037037037037,68.0,1.8557777777777775
ny,DUMBO,36,196.30555555555557,189.0,0.9180555555555556
ny,Ditmars Steinway,309,95.02912621359224,79.0,1.2070226537216828
ny,Dongan Hills,7,79.42857142857143,70.0,2.0685714285714285
ny,Douglaston,8,82.75,65.0,1.20875
ny,Downtown Brooklyn,83,150.34939759036143,135.0,0.6544578313253012
ny,Dyker Heights,12,93.41666666666669,82.5,1.5733333333333333
ny,East Elmhurst,185,81.18378378378378,60.0,4.458
ny,East Flatbush,500,104.222,75.0,1.45418
ny,East Harlem,1117,133.1987466427932,99.0,1.413661593554163
ny,East Morrisania,9,94.44444444444444,75.0,2.6244444444444444
ny,East New York,218,85.42660550458716,75.0,1.7491743119266054
ny,East Village,1853,186.0831084727469,150.0,0.9003777657852132
ny,Eastchester,13,141.69230769230768,75.0,0.3507692307692308
ny,Edenwald,13,82.0,75.0,1.2999999999999998
ny,Edgemere,11,94.72727272727272,65.0,0.950909090909091
ny,Elmhurst,237,80.45991561181435,59.0,1.3455274261603376
ny,Eltingville,3,141.66666666666666,70.0,1.6466666666666665
ny,Emerson Hill,5,68.2,78.0,1.12
ny,Far Rockaway,29,165.86206896551724,63.0,1.004137931034483
ny,Fieldston,12,75.08333333333333,67.0,0.9291666666666668
ny,Financial District,744,225.49059139784947,200.0,1.0108064516129032
ny,Flatbush,621,92.21256038647344,72.0,0.8889855072463769
ny,Flatiron District,80,341.925,225.0,0.907125
ny,Flatlands,83,126.43373493975903,85.0,1.2801204819277108
ny,Flushing,426,93.51408450704226,65.0,1.9245305164319249
ny,Fordham,63,69.44444444444444,60.0,1.1468253968253967
ny,Forest Hills,144,121.625,80.0,1.0551388888888888
ny,Fort Greene,489,151.37423312883436,130.0,0.8327198364008179
ny,Fort Hamilton,55,93.8181818181818,90.0,0.6907272727272727
ny,Fort Wadsworth,1,800.0,800.0,0.0
ny,Fresh Meadows,32,99.5,72.0,2.646875
ny,Glendale,54,90.79629629629628,84.0,1.8211111111111111
ny,Gowanus,247,158.80161943319837,129.0,1.174331983805668
ny,Gramercy,338,222.75443786982248,165.0,0.8721301775147928
ny,Graniteville,3,68.66666666666667,71.0,1.5333333333333332
ny,Grant City,6,57.66666666666666,66.0,1.615
ny,Gravesend,68,79.01470588235294,70.0,0.9002941176470588
ny,Great Kills,10,100.6,83.0,0.99
ny,Greenpoint,1114,144.9524236983842,119.0,0.704048473967684
ny,Greenwich Village,392,263.40561224489795,197.5,0.7201275510204083
ny,Grymes Hill,7,159.14285714285714,125.0,1.0271428571428571
ny,Harlem,2658,118.97404063205416,89.0,1.1122009029345372
ny,Hell's Kitchen,1958,204.79417773238,168.0,1.4396271705822268
ny,Highbridge,27,71.11111111111111,70.0,1.801111111111111
ny,Hollis,14,88.64285714285714,77.5,1.4114285714285717
ny,Holliswood,4,135.75,112.5,0.2075
ny,Howard Beach,20,115.4,100.0,2.0435
ny,Howland Hook,2,100.0,100.0,0.57
ny,Huguenot,3,118.33333333333331,100.0,3.76
ny,Hunts Point,18,50.5,40.0,1.1216666666666668
ny,Inwood,252,88.89682539682539,77.5,0.7640873015873016
ny,Jackson Heights,186,80.89784946236558,68.5,1.5767204301075268
ny,Jamaica,231,95.77056277056278,70.0,2.617142857142857
ny,Jamaica Estates,19,182.94736842105263,135.0,2.087894736842105
ny,Jamaica Hills,8,132.125,83.5,2.90125
ny,Kensington,175,92.88571428571429,70.0,0.8313142857142857
ny,Kew Gardens,32,88.375,67.5,1.0975
ny,Kew Gardens Hills,26,112.3076923076923,92.5,1.2396153846153848
ny,Kingsbridge,70,77.92857142857143,70.0,1.256857142857143
ny,Kips Bay,470,202.40851063829788,152.0,0.7586170212765958
ny,Laurelton,18,95.33333333333331,75.0,2.196111111111111
ny,Lighthouse Hill,2,157.5,157.5,1.165
ny,Little Italy,121,222.06611570247932,150.0,1.028181818181818
ny,Little Neck,5,75.2,50.0,0.2
ny,Long Island City,537,127.46554934823092,99.0,1.146852886405959
ny,Longwood,62,91.91935483870968,75.0,1.4243548387096774
ny,Lower East Side,911,186.31284302963772,139.0,1.0098024149286495
ny,Manhattan Beach,8,103.5,112.0,1.28375
ny,Marble Hill,12,89.16666666666667,76.5,0.6033333333333334
ny,Mariners Harbor,8,94.625,71.5,2.39625
ny,Maspeth,110,83.64545454545454,65.0,1.4680909090909091
ny,Melrose,10,83.3,74.5,1.076
ny,Middle Village,31,109.58064516129032,99.0,1.6658064516129032
ny,Midland Beach,6,91.83333333333331,95.0,0.6116666666666667
ny,Midtown,1545,282.7190938511327,210.0,0.8181812297734627
ny,Midwood,109,80.33944954128441,75.0,0.6944954128440367
ny,Mill Basin,4,179.75,167.5,2.1275
ny,Morningside Heights,346,114.78323699421964,98.5,0.7221387283236994
ny,Morris Heights,17,76.94117647058823,51.0,1.3176470588235294
ny,Morris Park,15,69.33333333333333,60.0,1.2413333333333332
ny,Morrisania,18,83.44444444444444,73.5,0.7655555555555555
ny,Mott Haven,60,88.91666666666667,74.0,2.1428333333333334
ny,Mount Eden,6,58.5,45.5,1.4866666666666666
ny,Mount Hope,20,77.5,60.0,1.122
ny,Murray Hill,484,221.41528925619835,190.0,0.649297520661157
ny,Navy Yard,14,151.64285714285714,150.0,0.7371428571428572
ny,Neponsit,3,274.6666666666667,274.0,1.6
ny,New Brighton,5,101.8,55.0,2.416
ny,New Dorp,1,57.0,57.0,0.0
ny,New Dorp Beach,5,57.4,40.0,2.2
ny,New Springville,8,76.0,63.0,2.3575
ny,NoHo,78,295.7179487179488,250.0,0.6374358974358975
ny,Nolita,253,230.13833992094865,179.0,0.8876284584980237
ny,North Riverdale,10,79.9,65.0,0.755
ny,Norwood,31,75.54838709677419,58.0,0.8883870967741935
ny,Oakwood,5,81.2,65.0,0.7140000000000001
ny,Olinville,4,64.0,53.0,0.7175
ny,Ozone Park,62,85.2741935483871,75.0,1.485
ny,Park Slope,506,176.31225296442688,145.0,0.8581225296442687
ny,Parkchester,39,69.07692307692308,55.0,1.267948717948718
ny,Pelham Bay,17,105.0,89.0,1.5370588235294118
ny,Pelham Gardens,28,93.60714285714286,75.0,2.205357142857143
ny,Port Morris,46,79.8913043478261,62.5,1.5099999999999998
ny,Port Richmond,9,90.11111111111111,50.0,1.18
ny,Prince's Bay,4,409.5,151.5,0.9425
ny,Prospect Heights,357,173.37254901960785,124.0,0.947843137254902
ny,Prospect-Lefferts Gardens,535,110.40186915887853,80.0,1.1281869158878506
ny,Queens Village,60,83.93333333333334,75.0,2.684
ny,Randall Manor,19,336.0,79.0,1.428421052631579
ny,Red Hook,79,143.45569620253164,117.0,1.1774683544303797
ny,Rego Park,106,83.87735849056604,67.0,1.3529245283018867
ny,Richmond Hill,94,87.11702127659575,65.0,2.28436170212766
ny,Richmondtown,1,78.0,78.0,2.56
ny,Ridgewood,423,77.18439716312056,60.0,1.0178250591016549
ny,Riverdale,11,442.09090909090907,150.0,0.84
ny,Rockaway Beach,56,132.17857142857142,125.0,1.4269642857142857
ny,Roosevelt Island,77,113.25974025974024,80.0,0.9087012987012988
ny,Rosebank,7,111.85714285714286,100.0,3.812857142857143
ny,Rosedale,59,76.69491525423729,65.0,2.3169491525423727
ny,Rossville,1,75.0,75.0,1.69
ny,Schuylerville,13,69.23076923076923,65.0,3.157692307692308
ny,Sea Gate,7,487.8571428571428,125.0,0.1885714285714285
ny,Sheepshead Bay,164,105.77439024390245,65.0,1.350548780487805
ny,Shore Acres,7,152.71428571428572,100.0,0.6185714285714285
ny,Silver Lake,2,70.0,70.0,4.34
ny,SoHo,358,287.1033519553073,199.0,0.9208100558659216
ny,Soundview,15,53.46666666666667,49.0,1.97
ny,South Beach,8,89.25,67.5,1.74
ny,South Ozone Park,40,82.4,69.0,3.01975
ny,South Slope,284,146.72535211267606,135.0,1.0623591549295774
ny,Springfield Gardens,85,94.23529411764706,80.0,4.193176470588235
ny,Spuyten Duyvil,4,154.75,99.5,0.755
ny,St. Albans,76,100.82894736842104,61.5,2.2839473684210527
ny,St. George,48,118.14583333333331,96.0,1.481458333333333
ny,Stapleton,27,98.96296296296296,75.0,2.0344444444444445
ny,Stuyvesant Town,37,169.1081081081081,115.0,0.6989189189189189
ny,Sunnyside,363,84.86501377410468,75.0,1.140358126721763
ny,Sunset Park,390,113.04102564102564,80.0,1.0193076923076922
ny,Theater District,288,248.01388888888889,190.0,1.3191666666666668
ny,Throgs Neck,24,91.04166666666669,74.5,2.13125
ny,Todt Hill,4,169.0,98.5,0.8825
ny,Tompkinsville,42,76.19047619047619,62.5,2.107857142857143
ny,Tottenville,7,144.85714285714286,100.0,0.8185714285714286
ny,Tremont,11,51.54545454545455,41.0,1.130909090909091
ny,Tribeca,177,490.638418079096,295.0,0.5188700564971752
ny,Two Bridges,72,127.06944444444444,109.5,1.99625
ny,Unionport,7,137.14285714285714,90.0,2.172857142857143
ny,University Heights,21,69.57142857142857,55.0,1.1095238095238096
ny,Upper East Side,1798,188.94827586206893,149.0,0.8474193548387097
ny,Upper West Side,1971,210.91831557584985,150.0,0.7545763571790969
ny,Van Nest,11,113.8181818181818,50.0,1.6327272727272728
ny,Vinegar Hill,34,187.1764705882353,175.0,0.6344117647058823
ny,Wakefield,50,85.58,60.0,1.874
ny,Washington Heights,899,89.6106785317019,72.0,0.9751946607341492
ny,West Brighton,18,80.55555555555556,69.5,1.2833333333333334
ny,West Farms,2,122.0,122.0,0.395
ny,West Village,768,267.6822916666667,200.0,0.7501953124999999
ny,Westchester Square,10,122.2,67.5,1.453
ny,Westerleigh,2,71.5,71.5,0.505
ny,Whitestone,11,107.54545454545456,49.0,2.4145454545454546
ny,Williamsbridge,40,96.75,64.0,1.809
ny,Williamsburg,3919,143.83949987241644,105.0,0.8868639959173258
ny,Willowbrook,1,249.0,249.0,0.8
ny,Windsor Terrace,157,138.9936305732484,123.0,0.9860509554140128
ny,Woodhaven,88,67.17045454545455,52.0,1.8513636363636363
ny,Woodlawn,11,60.09090909090909,68.0,2.3745454545454545
ny,Woodrow,1,700.0,700.0,0.0
ny,Woodside,235,85.09787234042552,60.0,1.2223404255319148
sydney,Ashfield,306,140.281045751634,80.0,0.7519281045751635
sydney,Auburn,469,143.45628997867803,136.0,1.839445628997868
sydney,Bankstown,180,93.84444444444443,70.0,0.715
sydney,Blacktown,237,84.22362869198312,61.0,0.8429535864978903
sydney,Botany Bay,600,118.245,82.0,1.0496833333333333
sydney,Burwood,249,95.60240963855422,79.0,0.769277108433735
sydney,Camden,29,95.55172413793105,76.0,0.6413793103448276
sydney,Campbelltown,101,132.2871287128713,84.0,0.74
sydney,Canada Bay,449,159.91759465478842,111.0,0.7683964365256124
sydney,Canterbury,339,113.47492625368731,80.0,0.8188200589970501
sydney,City Of Kogarah,179,98.4245810055866,71.0,0.8368715083798883
sydney,Fairfield,76,82.69736842105263,57.5,1.1102631578947368
sydney,Holroyd,125,97.152,60.0,0.53976
sydney,Hornsby,391,149.97442455242967,90.0,0.8817391304347826
sydney,Hunters Hill,69,271.8550724637681,150.0,0.7295652173913044
sydney,Hurstville,195,121.73846153846154,79.0,0.6881025641025641
sydney,Ku-Ring-Gai,339,159.81120943952803,109.0,0.6307374631268436
sydney,Lane Cove,289,300.10726643598616,120.0,0.6533910034602075
sydney,Leichhardt,999,218.55855855855856,150.0,0.7456156156156156
sydney,Liverpool,116,125.64655172413794,98.0,0.870603448275862
sydney,Manly,1799,280.22178988326846,197.0,0.4878765981100612
sydney,Marrickville,1251,122.00879296562748,90.0,0.7725259792166267
sydney,Mosman,534,383.2715355805244,199.0,0.5293820224719101
sydney,North Sydney,1370,203.5153284671533,145.0,0.6933357664233577
sydney,Parramatta,520,106.85961538461538,80.0,0.9149807692307692
sydney,Penrith,132,153.13636363636363,120.0,1.3617424242424243
sydney,Pittwater,1192,496.5981543624161,350.0,0.699756711409396
sydney,Randwick,3346,188.1978481769277,120.0,0.4369157202630006
sydney,Rockdale,727,126.07290233837688,90.0,0.932585969738652
sydney,Ryde,575,110.9808695652174,84.0,0.7202260869565217
sydney,Strathfield,171,102.70760233918128,76.0,1.0049707602339182
sydney,Sutherland Shire,468,200.72649572649573,134.0,1.1580769230769232
sydney,Sydney,9238,175.22569820307424,138.0,1.167659666594501
sydney,The Hills Shire,260,157.80384615384617,84.0,0.7887692307692308
sydney,Warringah,1794,266.16778149386846,160.0,0.4117335562987737
sydney,Waverley,5466,243.37285034760336,150.0,0.4546597145993414
sydney,Willoughby,500,185.812,125.0,0.59738
sydney,Woollahra,1573,298.7927527018436,165.0,0.4845645263827082
tokyo,Adachi Ku,172,7664.186046511628,5972.0,1.0955813953488371
tokyo,Akiruno Shi,12,4895.75,4519.0,0.9633333333333334
tokyo,Akishima Shi,3,19153.33333333333,3874.0,0.83
tokyo,Arakawa Ku,279,12136.605734767025,9039.0,1.5634408602150538
tokyo,Bunkyo Ku,129,13656.98449612403,10007.0,2.465658914728682
tokyo,Chiyoda Ku,198,40924.34848484849,12482.0,1.3844444444444444
tokyo,Chofu Shi,11,9821.09090909091,6994.0,2.136363636363636
tokyo,Chuo Ku,448,15312.107142857143,12051.0,1.9720982142857144
tokyo,Edogawa Ku,201,11781.52736318408,8500.0,1.5633830845771144
tokyo,Fuchu Shi,4,12132.25,12374.5,2.1175
tokyo,Fussa Shi,5,6004.2,3443.0,0.906
tokyo,Hachijo Machi,7,10929.285714285714,14957.0,0.8714285714285713
tokyo,Hachioji Shi,37,53410.97297297297,6026.0,0.8240540540540541
tokyo,Hamura Shi,3,6241.0,6026.0,0.3333333333333333
tokyo,Higashikurume Shi,2,4250.0,4250.0,0.0
tokyo,Higashimurayama Shi,12,6483.0,4842.0,1.6875
tokyo,Higashiyamato Shi,1,3013.0,3013.0,4.18
tokyo,Hino Shi,16,4122.3125,2905.0,1.070625
tokyo,Hinohara Mura,2,27492.5,27492.5,0.74
tokyo,Inagi Shi,2,2744.0,2744.0,0.31
tokyo,Itabashi Ku,237,12827.29535864979,6994.0,1.830337552742616
tokyo,Katsushika Ku,280,11909.939285714288,9899.5,1.6535
tokyo,Kita Ku,217,11434.497695852537,7962.0,1.8333640552995392
tokyo,Kodaira Shi,8,4895.875,5057.5,1.46125
tokyo,Koganei Shi,4,7263.0,7263.0,2.11
tokyo,Kokubunji Shi,9,4818.0,4519.0,1.4388888888888889
tokyo,Komae Shi,6,14400.5,14042.0,2.81
tokyo,Koto Ku,152,12116.453947368422,9361.0,2.283618421052632
tokyo,Kozushima Mura,1,9039.0,9039.0,0.05
tokyo,Kunitachi Shi,3,3981.0,3981.0,0.3333333333333333
tokyo,Machida Shi,24,4756.875,4304.0,0.9133333333333334
tokyo,Meguro Ku,84,13705.047619047618,10652.5,2.2215476190476187
tokyo,Minato Ku,551,15488.53720508167,12051.0,1.6491833030852996
tokyo,Mitaka Shi,13,12581.076923076924,6564.0,1.4023076923076925
tokyo,Miyake Mura,2,15010.5,15010.5,0.0
tokyo,Musashimurayama Shi,5,3271.0,3551.0,1.49
tokyo,Musashino Shi,18,8859.111111111111,8715.5,1.7016666666666669
tokyo,Nakano Ku,290,17621.76896551724,10975.0,2.3224827586206898
tokyo,Nerima Ku,62,6811.806451612903,5810.5,1.3120967741935483
tokyo,Niijima Mura,3,10007.0,10007.0,1.29
tokyo,Nishitokyo Shi,19,8636.368421052632,3981.0,1.3336842105263158
tokyo,Ogasawara Mura,6,6904.333333333333,6456.0,0.0833333333333333
tokyo,Okutama Machi,3,21412.666666666668,21951.0,1.99
tokyo,Ome Shi,7,6594.428571428572,3551.0,0.6942857142857142
tokyo,Oshima Machi,22,8529.772727272728,7962.0,0.4268181818181818
tokyo,Ota Ku,598,11029.53846153846,7962.0,1.520886287625418
tokyo,Setagaya Ku,305,11879.52786885246,8931.0,2.036360655737705
tokyo,Shibuya Ku,854,20269.76580796253,14365.0,2.397833723653396
tokyo,Shinagawa Ku,170,14235.041176470588,10007.0,1.9764705882352944
tokyo,Shinjuku Ku,1882,15822.026036131774,12051.0,2.1464665249734325
tokyo,Suginami Ku,299,11359.658862876257,7532.0,1.8603010033444816
tokyo,Sumida Ku,876,13614.052511415524,12051.0,1.9760045662100456
tokyo,Tachikawa Shi,6,9307.333333333334,7962.0,0.5133333333333333
tokyo,Taito Ku,1670,15229.270658682635,10007.0,1.9098622754491017
tokyo,Tama Shi,4,5676.0,4734.5,1.45
tokyo,Toshima Ku,1228,14426.180781758958,10007.0,2.0271498371335506
